Workbook

Sheet Overview
A2: CIC source-IP sequence lengths
A4: Metric | B4: 50s | C4: 100s | D4: 200s | E4: 500s | F4: 1000s
A5: Buckets / window | B5: 5 | C5: 10 | D5: 20 | E5: 50 | F5: 100
A6: Stride (s) | B6: 50 | C6: 100 | D6: 200 | E6: 500 | F6: 1000
A7: Nonempty windows | B7: 1960841 | C7: 1466665 | D7: 1114680 | E7: 800775 | F7: 650256
A8: Source IPs represented | B8: 181876 | C8: 181876 | D8: 181876 | E8: 181865 | F8: 181865
A9: Benign-only windows | B9: 1944616 | C9: 1455747 | D9: 1107376 | E9: 796447 | F9: 647108
A10: Attack-only windows | B10: 9739 | C10: 5708 | D10: 3281 | E10: 1597 | F10: 1068
A11: Hybrid windows | B11: 6486 | C11: 5210 | D11: 4023 | E11: 2731 | F11: 2080
A12: Attack-bearing window share | B12: =SUM(B10:B11)/B7 -> 0.0082745108 | C12: =SUM(C10:C11)/C7 -> 0.0074440994 | D12: =SUM(D10:D11)/D7 -> 0.0065525532 | E12: =SUM(E10:E11)/E7 -> 0.0054047641 | F12: =SUM(F10:F11)/F7 -> 0.0048411702
A13: Hybrid / attack-bearing windows | B13: =IF(SUM(B10:B11)=0,"n.a.",B11/SUM(B10:B11)) -> 0.39975347 | C13: =IF(SUM(C10:C11)=0,"n.a.",C11/SUM(C10:C11)) -> 0.47719363 | D13: =IF(SUM(D10:D11)=0,"n.a.",D11/SUM(D10:D11)) -> 0.55079409 | E13: =IF(SUM(E10:E11)=0,"n.a.",E11/SUM(E10:E11)) -> 0.63100739 | F13: =IF(SUM(F10:F11)=0,"n.a.",F11/SUM(F10:F11)) -> 0.66073698
A14: Hybrid with a mixed bucket | B14: 5556 | C14: 4262 | D14: 3179 | E14: 2057 | F14: 1454
A15: Hybrid across separate buckets only | B15: 930 | C15: 948 | D15: 844 | E15: 674 | F15: 626
A16: Mean bucket occupancy | B16: 0.37309869 | C16: 0.24940501 | D16: 0.16408009 | E16: 0.091353326 | F16: 0.056249739
A17: Median bucket occupancy | B17: 0.2 | C17: 0.1 | D17: 0.05 | E17: 0.02 | F17: 0.01
A18: P90 bucket occupancy | B18: 0.8 | C18: 0.6 | D18: 0.45 | E18: 0.26 | F18: 0.13
A19: One-active-bucket window share | B19: =Coverage!D5/B7 -> 0.57072297 | C19: =Coverage!D6/C7 -> 0.51950991 | D19: =Coverage!D7/D7 -> 0.51539904 | E19: =Coverage!D8/E7 -> 0.51021198 | F19: =Coverage!D9/F7 -> 0.51174922
A20: Fully active window share | B20: =Coverage!E5/B7 -> 0.079172151 | C20: =Coverage!E6/C7 -> 0.038449135 | D20: =Coverage!E7/D7 -> 0.020913625 | E20: =Coverage!E8/E7 -> 0.0098367207 | F20: =Coverage!E9/F7 -> 0.0053609655
A21: Median flows / window | B21: 2 | C21: 3 | D21: 3 | E21: 3 | F21: 3
A22: P90 flows / window | B22: 16 | C22: 26 | D22: 38 | E22: 41 | F22: 35
A23: Median longest empty run (s) | B23: 30 | C23: 60 | D23: 120 | E23: 320 | F23: 670
A24: Median flow-start span (s) | B24: 3.697 | C24: 4.104 | D24: 4.124 | E24: 4.158 | F24: 4.137
A25: Raw flow coverage | B25: 1 | C25: 1 | D25: 1 | E25: 0.99997763 | F25: 0.99997763
A26: Window share: global no-start bins | B26: =Coverage!F5/B7 -> 0.0017334399 | C26: =Coverage!F6/C7 -> 0.0033259129 | D26: =Coverage!F7/D7 -> 0.0059748089 | E26: =Coverage!F8/E7 -> 0.012210671 | F26: =Coverage!F9/F7 -> 0.024187397
A27: Top 10 source window share | B27: 0.028804477 | C27: 0.021364797 | D27: 0.01459522 | E27: 0.0084243389 | F27: 0.0054255555
A28: Top 10 source attack-window share | B28: 0.56209553 | C28: 0.52097454 | D28: 0.45481928 | E28: 0.33202403 | F28: 0.23475222
A30: Nonoverlapping windows; empty bins retained. Day-end partial windows are excluded and reconciled on Coverage.
A33: Length | B33: Mean occupancy | C33: Median occupancy
A34: 50s | B34: =B16 -> 0.37309869 | C34: =B17 -> 0.2
A35: 100s | B35: =C16 -> 0.24940501 | C35: =C17 -> 0.1
A36: 200s | B36: =D16 -> 0.16408009 | C36: =D17 -> 0.05
A37: 500s | B37: =E16 -> 0.091353326 | C37: =E17 -> 0.02
A38: 1000s | B38: =F16 -> 0.056249739 | C38: =F17 -> 0.01

Sheet Classes
A2: Natural class composition of nonempty source windows
A4: Length (s) | B4: Activity class | C4: Windows | D4: Source IPs | E4: Flow starts | F4: Attack flows | G4: Active buckets | H4: Mixed-bucket hybrid windows | I4: Separate-bucket hybrid windows | J4: Global gap windows
A5: 50 | B5: benign_only | C5: 1944616 | D5: 181660 | E5: 17330166 | F5: 0 | G5: 3608864 | H5: 0 | I5: 0 | J5: 3399
A6: 50 | B6: attack_only | C6: 9739 | D6: 834 | E6: 2432856 | F6: 2432856 | G6: 29207 | H6: 0 | I6: 0 | J6: 0
A7: 50 | B7: hybrid | C7: 6486 | D7: 423 | E7: 352507 | F7: 168047 | G7: 19865 | H7: 5556 | I7: 930 | J7: 0
A8: 100 | B8: benign_only | C8: 1455747 | D8: 181656 | E8: 17314906 | F8: 0 | G8: 3605224 | H8: 0 | I8: 0 | J8: 4876
A9: 100 | B9: attack_only | C9: 5708 | D9: 788 | E9: 2409605 | F9: 2409605 | G9: 26662 | H9: 0 | I9: 0 | J9: 0
A10: 100 | B10: hybrid | C10: 5210 | D10: 456 | E10: 391018 | F10: 191298 | G10: 26050 | H10: 4262 | I10: 948 | J10: 2
A11: 200 | B11: benign_only | C11: 1107376 | D11: 181656 | E11: 17287949 | F11: 0 | G11: 3600139 | H11: 0 | I11: 0 | J11: 6649
A12: 200 | B12: attack_only | C12: 3281 | D12: 737 | E12: 2385955 | F12: 2385955 | G12: 23907 | H12: 0 | I12: 0 | J12: 0
A13: 200 | B13: hybrid | C13: 4023 | D13: 488 | E13: 441625 | F13: 214948 | G13: 33890 | H13: 3179 | I13: 844 | J13: 11
A14: 500 | B14: benign_only | C14: 796447 | D14: 181641 | E14: 17252380 | F14: 0 | G14: 3589773 | H14: 0 | I14: 0 | J14: 9754
A15: 500 | B15: attack_only | C15: 1597 | D15: 676 | E15: 2343566 | F15: 2343566 | G15: 20047 | H15: 0 | I15: 0 | J15: 8
A16: 500 | B16: hybrid | C16: 2731 | D16: 530 | E16: 519133 | F16: 257337 | G16: 47853 | H16: 2057 | I16: 674 | J16: 16
... A19: 1000 | B19: hybrid | C19: 2080 | D19: 578 | E19: 596934 | F19: 302089 | G19: 62203 | H19: 1454 | I19: 626 | J19: 34

Sheet Distributions
A2: Exact empirical quantiles by length and class
A4: Length (s) | B4: Activity class | C4: Metric | D4: Unit | E4: Windows | F4: Mean | G4: P25 | H4: Median | I4: P75 | J4: P90 | K4: P99 | L4: Maximum
A5: 50 | B5: all | C5: flows | D5: flows | E5: 1960841 | F5: 10.258623 | G5: 1 | H5: 2 | I5: 5 | J5: 16 | K5: 145 | L5: 14116
A6: 50 | B6: all | C6: active_buckets | D6: buckets | E6: 1960841 | F6: 1.8654934 | G6: 1 | H6: 1 | I6: 2 | J6: 4 | K6: 5 | L6: 5
A7: 50 | B7: all | C7: occupancy | D7: fraction | E7: 1960841 | F7: 0.37309869 | G7: 0.2 | H7: 0.2 | I7: 0.4 | J7: 0.8 | K7: 1 | L7: 1
A8: 50 | B8: all | C8: longest_empty_run_s | D8: seconds | E8: 1960841 | F8: 25.114678 | G8: 20 | H8: 30 | I8: 30 | J8: 40 | K8: 40 | L8: 40
A9: 50 | B9: all | C9: longest_active_run_s | D9: seconds | E9: 1960841 | F9: 16.736727 | G9: 10 | H9: 10 | I9: 20 | J9: 40 | K9: 50 | L9: 50
A10: 50 | B10: all | C10: flow_start_span_s | D10: seconds | E10: 1960841 | F10: 12.175793 | G10: 0 | H10: 3.697 | I10: 23.617 | J10: 41.824 | K10: 48.7226 | L10: 49.998
A11: 50 | B11: all | C11: attack_flows | D11: flows | E11: 1960841 | F11: 1.3264222 | G11: 0 | H11: 0 | I11: 0 | J11: 0 | K11: 0 | L11: 14116
A12: 50 | B12: all | C12: attack_fraction | D12: fraction | E12: 1960841 | F12: 0.0065799127 | G12: 0 | H12: 0 | I12: 0 | J12: 0 | K12: 0 | L12: 1
A13: 50 | B13: all | C13: total_bytes | D13: bytes | E13: 1960841 | F13: 78573.415 | G13: 231 | H13: 1887 | I13: 6648 | J13: 33252 | K13: 677908.4 | L13: 491793280
A14: 50 | B14: all | C14: total_packets | D14: packets | E14: 1960841 | F14: 403.523 | G14: 4 | H14: 18 | I14: 45 | J14: 179 | K14: 2071 | L14: 4583970
A15: 50 | B15: benign_only | C15: flows | D15: flows | E15: 1944616 | F15: 8.9118705 | G15: 1 | H15: 2 | I15: 5 | J15: 16 | K15: 136 | L15: 3065
A16: 50 | B16: benign_only | C16: active_buckets | D16: buckets | E16: 1944616 | F16: 1.8558235 | G16: 1 | H16: 1 | I16: 2 | J16: 4 | K16: 5 | L16: 5
... A204: 1000 | B204: hybrid | C204: total_packets | D204: packets | E204: 2080 | F204: 2711.7928 | G204: 46 | H204: 137.5 | I204: 1839 | J204: 8723.4 | K204: 32752.7 | L204: 71277

Sheet Occupancy
A2: Observed active-bucket counts; wholly empty windows are not enumerated
A4: Length (s) | B4: Activity class | C4: Active buckets | D4: Total buckets | E4: Active share | F4: Windows | G4: Share within class
A5: 50 | B5: attack_only | C5: 1 | D5: 5 | E5: 0.2 | F5: 4009 | G5: 0.41164391
A6: 50 | B6: attack_only | C6: 2 | D6: 5 | E6: 0.4 | F6: 912 | G6: 0.093644111
A7: 50 | B7: attack_only | C7: 3 | D7: 5 | E7: 0.6 | F7: 302 | G7: 0.031009344
A8: 50 | B8: attack_only | C8: 4 | D8: 5 | E8: 0.8 | F8: 112 | G8: 0.011500154
A9: 50 | B9: attack_only | C9: 5 | D9: 5 | E9: 1 | F9: 4404 | G9: 0.45220248
A10: 50 | B10: benign_only | C10: 1 | D10: 5 | E10: 0.2 | F10: 1114107 | G10: 0.57291877
A11: 50 | B11: benign_only | C11: 2 | D11: 5 | E11: 0.4 | F11: 398159 | G11: 0.20474942
A12: 50 | B12: benign_only | C12: 3 | D12: 5 | E12: 0.6 | F12: 180329 | G12: 0.092732447
A13: 50 | B13: benign_only | C13: 4 | D13: 5 | E13: 0.8 | F13: 102653 | G13: 0.052788314
A14: 50 | B14: benign_only | C14: 5 | D14: 5 | E14: 1 | F14: 149368 | G14: 0.076811052
A15: 50 | B15: hybrid | C15: 1 | D15: 5 | E15: 0.2 | F15: 981 | G15: 0.15124884
A16: 50 | B16: hybrid | C16: 2 | D16: 5 | E16: 0.4 | F16: 1624 | G16: 0.25038545
... A488: 1000 | B488: hybrid | C488: 100 | D488: 100 | E488: 1 | F488: 97 | G488: 0.046634615

Sheet Attack types
A2: Attack coverage and window composition; multi-type windows may repeat
A4: Length (s) | B4: Attack type | C4: Windows | D4: Source IPs | E4: Attack-only windows | F4: Hybrid windows | G4: Attack flows retained | H4: Raw attack flows | I4: Flow coverage
A5: 50 | B5: Bot | C5: 2767 | D5: 8 | E5: 2621 | F5: 146 | G5: 207703 | H5: 207703 | I5: 1
A6: 50 | B6: Brute_Force_-Web | C6: 1332 | D6: 561 | E6: 887 | F6: 445 | G6: 1618 | H6: 1618 | I6: 1
A7: 50 | B7: Brute_Force_-XSS | C7: 457 | D7: 4 | E7: 442 | F7: 15 | G7: 480 | H7: 480 | I7: 1
A8: 50 | B8: DDOS_attack-HOIC | C8: 661 | D8: 10 | E8: 661 | F8: 0 | G8: 1032311 | H8: 1032311 | I8: 1
A9: 50 | B9: DDOS_attack-LOIC-UDP | C9: 204 | D9: 10 | E9: 204 | F9: 0 | G9: 3450 | H9: 3450 | I9: 1
A10: 50 | B10: DDoS_attacks-LOIC-HTTP | C10: 846 | D10: 10 | E10: 846 | F10: 0 | G10: 288589 | H10: 288589 | I10: 1
A11: 50 | B11: DoS_attacks-GoldenEye | C11: 23 | D11: 1 | E11: 23 | F11: 0 | G11: 61300 | H11: 61300 | I11: 1
A12: 50 | B12: DoS_attacks-Hulk | C12: 17 | D12: 1 | E12: 17 | F12: 0 | G12: 100076 | H12: 100076 | I12: 1
A13: 50 | B13: DoS_attacks-SlowHTTPTest | C13: 65 | D13: 1 | E13: 65 | F13: 0 | G13: 105550 | H13: 105550 | I13: 1
A14: 50 | B14: DoS_attacks-Slowloris | C14: 50 | D14: 1 | E14: 50 | F14: 0 | G14: 36040 | H14: 36040 | I14: 1
A15: 50 | B15: FTP-BruteForce | C15: 117 | D15: 1 | E15: 117 | F15: 0 | G15: 386720 | H15: 386720 | I15: 1
A16: 50 | B16: Infilteration | C16: 9600 | D16: 609 | E16: 3720 | F16: 5880 | G16: 188152 | H16: 188152 | I16: 1
... A74: 1000 | B74: SSH-Bruteforce | C74: 7 | D74: 1 | E74: 7 | F74: 0 | G74: 188474 | H74: 188474 | I74: 1

Sheet Daily
A2: Window composition and density by UTC date
A4: Length (s) | B4: UTC date | C4: Windows | D4: Source IPs | E4: Benign-only | F4: Attack-only | G4: Hybrid | H4: Flow starts | I4: Attack flows | J4: Mean occupancy | K4: Global gap windows
A5: 50 | B5: 43145 | C5: 189069 | D5: 26855 | E5: 188841 | F5: 228 | G5: 0 | H5: 2138838 | I5: 575194 | J5: 0.34307581 | K5: 535
A6: 50 | B6: 43146 | C6: 171650 | D6: 23854 | E6: 171577 | F6: 73 | G6: 0 | H6: 1665321 | I6: 97340 | J6: 0.34488203 | K6: 235
A7: 50 | B7: 43147 | C7: 161792 | D7: 23076 | E7: 161710 | F7: 82 | G7: 0 | H7: 1784129 | I7: 205626 | J7: 0.349576 | K7: 26
A8: 50 | B8: 43151 | C8: 190547 | D8: 26318 | E8: 189701 | F8: 846 | G8: 0 | H8: 1829859 | I8: 288589 | J8: 0.34279417 | K8: 198
A9: 50 | B9: 43152 | C9: 196772 | D9: 26174 | E9: 195907 | F9: 865 | G9: 0 | H9: 2712803 | I9: 1035761 | J9: 0.35383185 | K9: 555
A10: 50 | B10: 43153 | C10: 215758 | D10: 25332 | E10: 213994 | F10: 1304 | G10: 460 | H10: 2040128 | I10: 2538 | J10: 0.39181768 | K10: 322
A11: 50 | B11: 43154 | C11: 202417 | D11: 25044 | E11: 202417 | F11: 0 | G11: 0 | H11: 1933002 | I11: 0 | J11: 0.38753168 | K11: 175
A12: 50 | B12: 43158 | C12: 424 | D12: 126 | E12: 424 | F12: 0 | G12: 0 | H12: 828 | I12: 0 | J12: 0.24575472 | K12: 314
A13: 50 | B13: 43159 | C13: 219639 | D13: 26948 | E13: 214797 | F13: 1610 | G13: 3232 | H13: 2032727 | I13: 84327 | J13: 0.39209066 | K13: 656
A14: 50 | B14: 43160 | C14: 222939 | D14: 25967 | E14: 218181 | F14: 2110 | G14: 2648 | H14: 2147533 | I14: 103825 | J14: 0.40059299 | K14: 176
A15: 50 | B15: 43161 | C15: 189834 | D15: 23689 | E15: 187067 | F15: 2621 | G15: 146 | H15: 1830361 | I15: 207703 | J15: 0.40830831 | K15: 207
A16: 100 | B16: 43145 | C16: 143530 | D16: 26855 | E16: 143415 | F16: 115 | G16: 0 | H16: 2138838 | I16: 575194 | J16: 0.22596321 | K16: 639
... A59: 1000 | B59: 43161 | C59: 58815 | D59: 23689 | E59: 58670 | F59: 64 | G59: 81 | H59: 1830361 | I59: 207703 | J59: 0.065893735 | K59: 878

Sheet Coverage
A2: Unique flow-start coverage and boundary exclusions
A4: Length (s) | B4: Total buckets | C4: Windows | D4: One-active-bucket windows | E4: Fully active windows | F4: Global gap windows | G4: Flows retained | H4: Raw flows | I4: Tail flows excluded | J4: Attack flows retained | K4: Raw attack flows | L4: Tail attacks excluded | M4: Flow coverage | N4: UTC day tail (s) | O4: Active buckets retained | P4: Tail buckets excluded
A5: 50 | B5: 5 | C5: 1960841 | D5: 1119097 | E5: 155244 | F5: 3399 | G5: 20115529 | H5: 20115529 | I5: 0 | J5: 2600903 | K5: 2600903 | L5: 0 | M5: 1 | N5: 0 | O5: 3657936 | P5: 0
A6: 100 | B6: 10 | C6: 1466665 | D6: 761947 | E6: 56392 | F6: 4878 | G6: 20115529 | H6: 20115529 | I6: 0 | J6: 2600903 | K6: 2600903 | L6: 0 | M6: 1 | N6: 0 | O6: 3657936 | P6: 0
A7: 200 | B7: 20 | C7: 1114680 | D7: 574505 | E7: 23312 | F7: 6660 | G7: 20115529 | H7: 20115529 | I7: 0 | J7: 2600903 | K7: 2600903 | L7: 0 | M7: 1 | N7: 0 | O7: 3657936 | P7: 0
A8: 500 | B8: 50 | C8: 800775 | D8: 408565 | E8: 7877 | F8: 9778 | G8: 20115079 | H8: 20115529 | I8: 450 | J8: 2600903 | K8: 2600903 | L8: 0 | M8: 0.99997763 | N8: 400 | O8: 3657673 | P8: 263
A9: 1000 | B9: 100 | C9: 650256 | D9: 332768 | E9: 3486 | F9: 15728 | G9: 20115079 | H9: 20115529 | I9: 450 | J9: 2600903 | K9: 2600903 | L9: 0 | M9: 0.99997763 | N9: 400 | O9: 3657673 | P9: 263

Sheet Method
A2: Definitions and reproducibility
A4: Item | B4: Definition or value
A5: Dataset | B5: NF-CICIDS2018-v3
A6: Generated (UTC) | B6: 46313.337
A7: Grouping | B7: source IP. All recorded addresses are retained, including special addresses such as 0.0.0.0.
A8: Bucket | B8: 10 seconds, allocated by flow start. No-start bins do not prove no active connections.
A9: Window lengths (s) | B9: 50, 100, 200, 500, 1000
A10: Stride | B10: Equal to window length. No overlap within one length; different lengths reuse the same original data.
A11: Alignment | B11: Reset at UTC midnight each date. Window start = midnight + floor(seconds since midnight / length) * length.
A12: Day-end tail | B12: Exclude incomplete windows crossing midnight; Coverage reports every excluded flow, attack and active bucket.
A13: Capture boundaries | B13: No capture-session ground truth is assumed. Within-day windows can span no-start network intervals; these are flagged, not filled or silently dropped.
A14: Global gap window | B14: At least one 10s position has no flow start anywhere in the dataset. This is a diagnostic, not a reliable sensor-availability indicator.
A15: Wholly empty windows | B15: Not enumerated. All catalog rows have at least one observed source flow start.
A16: Internal empty bins | B16: Preserved in position. Occupancy = observed source buckets / total window buckets.
A17: Classes | B17: benign_only: no attack flows; attack_only: no benign flows; hybrid: both labels occur somewhere in the window.
A18: Two hybrid types | B18: Mixed-bucket: at least one bucket contains both labels. Separate-bucket only: both labels occur in the window but never share a bucket.
... A34: EDA 01 analysis SHA256 | B34: fdc8eb21648814cf4696f667ec74c9282e1873dc04b7ddf260c02d13d05b0b8d
A35: Runtime (s) | B35: 165.06
A36: Python / SQLite | B36: 3.12.14 / 3.53.1
A37: Training | B37: None. No augmentation, balancing, model selection, threshold calibration or train/test split.
